--
-- PostgreSQL database dump
--

-- Dumped from database version 14.5
-- Dumped by pg_dump version 14.5

-- Started on 2022-12-11 18:10:55

SET statement_timeout = 0;
SET lock_timeout = 0;
SET idle_in_transaction_session_timeout = 0;
SET client_encoding = 'UTF8';
SET standard_conforming_strings = on;
SELECT pg_catalog.set_config('search_path', '', false);
SET check_function_bodies = false;
SET xmloption = content;
SET client_min_messages = warning;
SET row_security = off;

SET default_tablespace = '';

SET default_table_access_method = heap;

--
-- TOC entry 210 (class 1259 OID 16396)
-- Name: category; Type: TABLE; Schema: public; Owner: postgres
--

CREATE TABLE public.category (
    id integer NOT NULL,
    name character varying(255)
);


ALTER TABLE public.category OWNER TO postgres;

--
-- TOC entry 209 (class 1259 OID 16395)
-- Name: category_id_seq; Type: SEQUENCE; Schema: public; Owner: postgres
--

ALTER TABLE public.category ALTER COLUMN id ADD GENERATED BY DEFAULT AS IDENTITY (
    SEQUENCE NAME public.category_id_seq
    START WITH 1
    INCREMENT BY 1
    NO MINVALUE
    NO MAXVALUE
    CACHE 1
);


--
-- TOC entry 212 (class 1259 OID 16402)
-- Name: images; Type: TABLE; Schema: public; Owner: postgres
--

CREATE TABLE public.images (
    id integer NOT NULL,
    file_name character varying(255),
    product_id integer NOT NULL
);


ALTER TABLE public.images OWNER TO postgres;

--
-- TOC entry 211 (class 1259 OID 16401)
-- Name: image_id_seq; Type: SEQUENCE; Schema: public; Owner: postgres
--

ALTER TABLE public.images ALTER COLUMN id ADD GENERATED BY DEFAULT AS IDENTITY (
    SEQUENCE NAME public.image_id_seq
    START WITH 1
    INCREMENT BY 1
    NO MINVALUE
    NO MAXVALUE
    CACHE 1
);


--
-- TOC entry 214 (class 1259 OID 16408)
-- Name: orders; Type: TABLE; Schema: public; Owner: postgres
--

CREATE TABLE public.orders (
    id integer NOT NULL,
    address character varying(255),
    count integer NOT NULL,
    date_order timestamp without time zone,
    number character varying(255),
    price real NOT NULL,
    status integer,
    product_id integer NOT NULL,
    user_id integer NOT NULL
);


ALTER TABLE public.orders OWNER TO postgres;

--
-- TOC entry 213 (class 1259 OID 16407)
-- Name: orders_id_seq; Type: SEQUENCE; Schema: public; Owner: postgres
--

ALTER TABLE public.orders ALTER COLUMN id ADD GENERATED BY DEFAULT AS IDENTITY (
    SEQUENCE NAME public.orders_id_seq
    START WITH 1
    INCREMENT BY 1
    NO MINVALUE
    NO MAXVALUE
    CACHE 1
);


--
-- TOC entry 216 (class 1259 OID 16416)
-- Name: product_cart; Type: TABLE; Schema: public; Owner: postgres
--

CREATE TABLE public.product_cart (
    id integer NOT NULL,
    product_id integer,
    user_id integer
);


ALTER TABLE public.product_cart OWNER TO postgres;

--
-- TOC entry 215 (class 1259 OID 16415)
-- Name: product_cart_id_seq; Type: SEQUENCE; Schema: public; Owner: postgres
--

ALTER TABLE public.product_cart ALTER COLUMN id ADD GENERATED BY DEFAULT AS IDENTITY (
    SEQUENCE NAME public.product_cart_id_seq
    START WITH 1
    INCREMENT BY 1
    NO MINVALUE
    NO MAXVALUE
    CACHE 1
);


--
-- TOC entry 218 (class 1259 OID 16422)
-- Name: products; Type: TABLE; Schema: public; Owner: postgres
--

CREATE TABLE public.products (
    id integer NOT NULL,
    date_time_of_created timestamp without time zone,
    description text NOT NULL,
    price real NOT NULL,
    title text NOT NULL,
    category_id integer NOT NULL,
    CONSTRAINT products_price_check CHECK ((price >= (1)::double precision))
);


ALTER TABLE public.products OWNER TO postgres;

--
-- TOC entry 217 (class 1259 OID 16421)
-- Name: products_id_seq; Type: SEQUENCE; Schema: public; Owner: postgres
--

ALTER TABLE public.products ALTER COLUMN id ADD GENERATED BY DEFAULT AS IDENTITY (
    SEQUENCE NAME public.products_id_seq
    START WITH 1
    INCREMENT BY 1
    NO MINVALUE
    NO MAXVALUE
    CACHE 1
);


--
-- TOC entry 220 (class 1259 OID 16431)
-- Name: users; Type: TABLE; Schema: public; Owner: postgres
--

CREATE TABLE public.users (
    id integer NOT NULL,
    date_time_of_registration timestamp without time zone,
    firstname character varying(50),
    lastname character varying(50),
    login character varying(50),
    password character varying(255),
    patronymic character varying(255),
    role character varying(255)
);


ALTER TABLE public.users OWNER TO postgres;

--
-- TOC entry 219 (class 1259 OID 16430)
-- Name: users_id_seq; Type: SEQUENCE; Schema: public; Owner: postgres
--

ALTER TABLE public.users ALTER COLUMN id ADD GENERATED BY DEFAULT AS IDENTITY (
    SEQUENCE NAME public.users_id_seq
    START WITH 1
    INCREMENT BY 1
    NO MINVALUE
    NO MAXVALUE
    CACHE 1
);


--
-- TOC entry 3350 (class 0 OID 16396)
-- Dependencies: 210
-- Data for Name: category; Type: TABLE DATA; Schema: public; Owner: postgres
--

INSERT INTO public.category (id, name) VALUES (1, 'Ноутбуки');
INSERT INTO public.category (id, name) VALUES (2, 'Телевизоры');
INSERT INTO public.category (id, name) VALUES (3, 'Смартфоны');
INSERT INTO public.category (id, name) VALUES (4, 'Системные блоки');
INSERT INTO public.category (id, name) VALUES (5, 'Смарт-часы');


--
-- TOC entry 3352 (class 0 OID 16402)
-- Dependencies: 212
-- Data for Name: images; Type: TABLE DATA; Schema: public; Owner: postgres
--

INSERT INTO public.images (id, file_name, product_id) VALUES (61, 'c1d99262-84df-4055-8c00-a9b46e34fc91.korallmicro_new_289591_0_20221019_1635.jpg', 12);
INSERT INTO public.images (id, file_name, product_id) VALUES (62, 'a2f55ff4-89f0-4f30-9670-27da0442c507.korallmicro_new_gallery_289591_1_20221019_1635.jpg', 12);
INSERT INTO public.images (id, file_name, product_id) VALUES (21, '7cc8189e-1937-41fd-b859-a426fcdb3925.korallmicro_new_291088_0_20221107_2023.jpg', 3);
INSERT INTO public.images (id, file_name, product_id) VALUES (22, '5cfe53f5-9cdf-45fa-b21b-70e31af54798.korallmicro_new_gallery_291088_1_20221107_2023.jpg', 3);
INSERT INTO public.images (id, file_name, product_id) VALUES (23, 'c8c03bfb-c6db-4967-ac18-06ab94613a70.korallmicro_new_gallery_291088_3_20221107_2023.jpg', 3);
INSERT INTO public.images (id, file_name, product_id) VALUES (24, '86e66081-2662-4fef-8e5c-34ed5d74ec1d.korallmicro_new_gallery_291088_4_20221107_2023.jpg', 3);
INSERT INTO public.images (id, file_name, product_id) VALUES (25, 'e95be6d4-c120-43b3-8c56-984acdc86645.korallmicro_new_gallery_291088_8_20221107_2023.jpg', 3);
INSERT INTO public.images (id, file_name, product_id) VALUES (26, '3e2189d3-494f-42ce-87ad-04962e4c4e97.korallmicro_new_266345_0_20210708_1713.jpg', 5);
INSERT INTO public.images (id, file_name, product_id) VALUES (27, 'c0bef39c-7fd9-46c7-8def-9718e5abd9d8.korallmicro_new_gallery_266345_1_20210708_1713.jpg', 5);
INSERT INTO public.images (id, file_name, product_id) VALUES (28, '77f3ea4b-e6bc-466a-ad06-5250765a2759.korallmicro_new_gallery_266345_2_20210708_1713.jpg', 5);
INSERT INTO public.images (id, file_name, product_id) VALUES (29, 'ea9c8c5e-3b52-4e74-8608-15b7bb762dd5.korallmicro_new_gallery_266345_3_20210708_1713.jpg', 5);
INSERT INTO public.images (id, file_name, product_id) VALUES (30, '8f5af8dc-6b1d-4ec0-b411-a36062885ae3.korallmicro_new_gallery_266345_4_20210708_1713.jpg', 5);
INSERT INTO public.images (id, file_name, product_id) VALUES (31, 'd1bae50f-9fb5-4903-b177-52ec28f7f9ba.korallmicro_new_290803_0_20221106_1459.jpg', 6);
INSERT INTO public.images (id, file_name, product_id) VALUES (32, 'fbd632d7-61bd-479f-8a2f-bf3d470b28cd.korallmicro_new_gallery_290803_1_20221106_1459.jpg', 6);
INSERT INTO public.images (id, file_name, product_id) VALUES (33, 'eaf6936a-bc35-4262-ae1d-de34fc9ad82c.korallmicro_new_gallery_290803_3_20221106_1459.jpg', 6);
INSERT INTO public.images (id, file_name, product_id) VALUES (34, 'dbc25502-1626-4e18-9377-bdc570c35cef.korallmicro_new_gallery_290803_4_20221106_1459.jpg', 6);
INSERT INTO public.images (id, file_name, product_id) VALUES (35, '28f42719-caa0-40cf-8f56-b742afe2452e.korallmicro_new_gallery_290803_2_20221106_1459.jpg', 6);
INSERT INTO public.images (id, file_name, product_id) VALUES (41, 'b9c3dd24-656e-4c80-b3c8-1dea6ff18eed.korallmicro_new_276140_0_20211225_1110.jpg', 8);
INSERT INTO public.images (id, file_name, product_id) VALUES (42, '3aa1054d-4445-435a-bf81-967b92dc27c5.korallmicro_new_gallery_276140_3_20211225_1110.jpg', 8);
INSERT INTO public.images (id, file_name, product_id) VALUES (43, 'baa2e170-5e81-4b7e-b499-83d791560209.korallmicro_new_gallery_276140_1_20211225_1110.png', 8);
INSERT INTO public.images (id, file_name, product_id) VALUES (44, '876eca37-95d3-44af-89c6-0ae3f7dd5131.korallmicro_new_gallery_276140_4_20211225_1110.jpeg', 8);
INSERT INTO public.images (id, file_name, product_id) VALUES (45, 'f27e8713-7848-4fb9-a808-b85680f3dc11.korallmicro_new_gallery_276140_6_20211225_1110.jpg', 8);
INSERT INTO public.images (id, file_name, product_id) VALUES (46, '6ab82ad8-7204-463a-b446-0b8c18015268.korallmicro_new_gallery_274760_3_20211212_2036.jpg', 9);
INSERT INTO public.images (id, file_name, product_id) VALUES (47, '455dd4d2-4f25-4b34-8ddf-dedb6ac01fcf.korallmicro_new_gallery_274760_2_20211212_2036.jpg', 9);
INSERT INTO public.images (id, file_name, product_id) VALUES (48, 'df23a626-accd-4169-9478-09e5d0ade4be.korallmicro_new_274760_0_20211212_2036.jpg', 9);
INSERT INTO public.images (id, file_name, product_id) VALUES (49, 'e1d6a9a2-1e94-4b6a-b658-bd081d01eff6.korallmicro_new_gallery_274760_4_20211212_2036.jpg', 9);
INSERT INTO public.images (id, file_name, product_id) VALUES (50, '6e01b2f7-f1c0-4fe7-9400-ce3f23e808fb.korallmicro_new_gallery_274760_1_20211212_2036.jpg', 9);
INSERT INTO public.images (id, file_name, product_id) VALUES (56, 'e6175c05-1338-4f20-8a0d-bb5bc45fcdd8.korallmicro_new_282174_0_20220913_1406.png', 11);
INSERT INTO public.images (id, file_name, product_id) VALUES (57, 'dc538dd5-8518-473e-9ce7-c4472c54feaa.korallmicro_new_gallery_282174_1_20220913_1406.png', 11);
INSERT INTO public.images (id, file_name, product_id) VALUES (58, '024b3e46-3b2f-4f86-8d2f-6f854b6dd32b.korallmicro_new_gallery_282174_3_20220913_1406.png', 11);
INSERT INTO public.images (id, file_name, product_id) VALUES (59, 'de95fbaa-f164-42ac-998c-b3784f902656.korallmicro_new_gallery_282174_5_20220913_1406.png', 11);
INSERT INTO public.images (id, file_name, product_id) VALUES (60, 'c3da9d71-fdee-430c-82dc-fcdb4054c1ce.korallmicro_new_gallery_282174_6_20220913_1406.png', 11);
INSERT INTO public.images (id, file_name, product_id) VALUES (63, '55e756c9-e4b6-4ec3-9f55-817f53865b94.korallmicro_new_gallery_289591_2_20221019_1635.jpg', 12);
INSERT INTO public.images (id, file_name, product_id) VALUES (64, 'afd96e74-3950-490d-ad63-6d67885ede5c.korallmicro_new_gallery_289591_4_20221019_1635.jpg', 12);
INSERT INTO public.images (id, file_name, product_id) VALUES (65, '989c9e23-5d3f-40c1-a000-14d147bb97a7.korallmicro_new_gallery_289591_5_20221019_1635.jpg', 12);
INSERT INTO public.images (id, file_name, product_id) VALUES (66, '41b4d5a8-9877-4982-854b-a5261a758064.korallmicro_new_275520_0_20211215_1122.jpg', 13);
INSERT INTO public.images (id, file_name, product_id) VALUES (67, '3d77fd0c-200f-45ea-b671-9f8dee307b02.korallmicro_new_gallery_275520_1_20211215_1122.jpg', 13);
INSERT INTO public.images (id, file_name, product_id) VALUES (68, '702bd6f8-ea10-43c9-b7e4-1b1c7c0b0a61.korallmicro_new_gallery_275520_2_20211215_1122.png', 13);
INSERT INTO public.images (id, file_name, product_id) VALUES (69, '4ae6736f-88f6-41dc-b91a-6d25b68ec920.korallmicro_new_gallery_275520_3_20211215_1122.jpg', 13);
INSERT INTO public.images (id, file_name, product_id) VALUES (70, '1c47cd61-79ad-4fb7-b2fb-59c693b6a357.korallmicro_new_290834_0_20221106_1522.jpg', 14);
INSERT INTO public.images (id, file_name, product_id) VALUES (71, 'b4c1164a-3381-4eca-8b4d-cb881907153e.korallmicro_new_gallery_290834_1_20221106_1522.jpg', 14);
INSERT INTO public.images (id, file_name, product_id) VALUES (72, 'f2f4b62e-efa3-429a-8800-898eda45bdb7.korallmicro_new_gallery_290834_2_20221106_1522.jpg', 14);
INSERT INTO public.images (id, file_name, product_id) VALUES (73, '2a9e9657-6532-4ad7-b14f-544b366ed77a.korallmicro_new_gallery_290834_3_20221106_1522.jpg', 14);
INSERT INTO public.images (id, file_name, product_id) VALUES (74, '147efd7d-2832-4ea7-aeff-131d0588f55e.korallmicro_new_gallery_290834_4_20221106_1522.jpg', 14);
INSERT INTO public.images (id, file_name, product_id) VALUES (75, '4359b44f-928b-4383-9099-d78968a316d0.korallmicro_new_292895_1_20221208_1303.jpg', 15);
INSERT INTO public.images (id, file_name, product_id) VALUES (76, 'f84c6fac-dc00-488c-8f6e-0326eed20481.korallmicro_new_gallery_292895_0_20221208_1303.jpg', 15);
INSERT INTO public.images (id, file_name, product_id) VALUES (77, '5944a0e3-82ad-4345-afc5-78acf0c94b8c.korallmicro_new_gallery_292895_2_20221208_1303.jpg', 15);
INSERT INTO public.images (id, file_name, product_id) VALUES (78, '10b16386-778a-4130-9952-a47ff7a0b839.korallmicro_new_292140_0_20221118_1432.jpg', 16);
INSERT INTO public.images (id, file_name, product_id) VALUES (79, 'c6742f71-b5a1-455e-badf-835f24d0dbd5.korallmicro_new_gallery_292140_3_20221118_1432.jpg', 16);
INSERT INTO public.images (id, file_name, product_id) VALUES (80, 'afd98ea5-8eb1-4be0-a60b-4569900bacd4.korallmicro_new_gallery_292140_2_20221118_1432.jpg', 16);
INSERT INTO public.images (id, file_name, product_id) VALUES (81, 'ab0e29c7-7d2a-4599-95f6-4cf476c25452.korallmicro_new_gallery_292140_1_20221118_1432.jpg', 16);
INSERT INTO public.images (id, file_name, product_id) VALUES (82, 'bc6a54ee-ea8d-4fc4-8356-fe2e00a9d970.korallmicro_new_gallery_292140_6_20221118_1432.jpg', 16);
INSERT INTO public.images (id, file_name, product_id) VALUES (83, '6f570aa8-3cd1-4f20-baef-c794cbe0fc2c.korallmicro_new_291694_0_20221206_1632.jpg', 17);
INSERT INTO public.images (id, file_name, product_id) VALUES (84, '3f90db03-a657-41a0-b0ec-33f6287c8c4f.korallmicro_new_gallery_291694_1_20221206_1632.jpg', 17);
INSERT INTO public.images (id, file_name, product_id) VALUES (85, '93a12e3b-4848-41d4-8679-1e1da18605e8.korallmicro_new_gallery_291694_2_20221206_1632.jpg', 17);
INSERT INTO public.images (id, file_name, product_id) VALUES (86, 'da2f3b83-90b8-46d5-9458-6a7b08f0f4c8.korallmicro_new_gallery_291694_4_20221206_1632.jpg', 17);
INSERT INTO public.images (id, file_name, product_id) VALUES (87, '225b6d09-0e69-4fc5-83f5-3919064358c5.korallmicro_new_gallery_291694_5_20221206_1632.jpg', 17);
INSERT INTO public.images (id, file_name, product_id) VALUES (88, 'be214e61-2c2f-44bb-83d4-33024cebae30.korallmicro_new_287555_0_20220906_1403.jpg', 18);
INSERT INTO public.images (id, file_name, product_id) VALUES (89, '10725ceb-2c1f-4ead-95fa-3eea58e94fd6.korallmicro_new_gallery_287555_1_20220906_1403.jpg', 18);
INSERT INTO public.images (id, file_name, product_id) VALUES (90, '400bfbb4-2a55-4413-b2fb-5de88c0fc164.korallmicro_new_gallery_287555_2_20220906_1403.jpg', 18);
INSERT INTO public.images (id, file_name, product_id) VALUES (91, '2b45cac6-4075-4643-90cb-6819bf0e48eb.korallmicro_new_gallery_287555_3_20220906_1403.jpg', 18);
INSERT INTO public.images (id, file_name, product_id) VALUES (92, '9dcb1678-ff8e-47a0-aca4-dc98f0e6c9f4.korallmicro_new_267371_0_20220328_1408.jpg', 19);
INSERT INTO public.images (id, file_name, product_id) VALUES (93, '6e3f334f-70f3-4560-98f5-d123750e994c.korallmicro_new_gallery_267371_1_20220328_1408.jpg', 19);
INSERT INTO public.images (id, file_name, product_id) VALUES (94, '3a32d0c6-2f5e-4957-a60d-12a3162c562a.korallmicro_new_gallery_267371_2_20220328_1408.jpg', 19);
INSERT INTO public.images (id, file_name, product_id) VALUES (95, '20791a6d-75bd-48d4-a8eb-f8c6365692d6.korallmicro_new_gallery_267371_4_20220328_1408.jpg', 19);
INSERT INTO public.images (id, file_name, product_id) VALUES (96, '5b1c815b-e470-4ed3-93cc-38c92073b08e.korallmicro_new_gallery_267371_5_20220328_1408.jpg', 19);
INSERT INTO public.images (id, file_name, product_id) VALUES (97, '12011963-fae0-419a-b763-e4fcd4439bfd.korallmicro_new_291558_0_20221115_1250.jpg', 20);
INSERT INTO public.images (id, file_name, product_id) VALUES (98, 'c0db0931-d673-4ecb-86a3-08265c7abbe7.korallmicro_new_gallery_291558_1_20221115_1250.jpg', 20);
INSERT INTO public.images (id, file_name, product_id) VALUES (99, '7308b437-2a0a-4ad1-a14f-9c38a36a60f2.korallmicro_new_gallery_291558_2_20221115_1250.jpg', 20);
INSERT INTO public.images (id, file_name, product_id) VALUES (100, 'ad763dd5-13d0-4446-9524-89795a3d87b8.korallmicro_new_gallery_291558_3_20221115_1250.jpg', 20);
INSERT INTO public.images (id, file_name, product_id) VALUES (101, 'b3743a05-5ff2-4514-a991-6b6821b2605f.korallmicro_new_gallery_291558_7_20221115_1250.jpg', 20);
INSERT INTO public.images (id, file_name, product_id) VALUES (102, '632e35c8-e956-4da3-8936-ab642f319ff9.korallmicro_new_267774_0_20211113_2017.jpg', 21);
INSERT INTO public.images (id, file_name, product_id) VALUES (103, '2a1c68bc-f560-42da-95df-6c3a3dc4bbf1.korallmicro_new_gallery_267774_1_20211113_2017.jpg', 21);
INSERT INTO public.images (id, file_name, product_id) VALUES (104, 'eb832b23-67d7-404e-9666-f68e7ee651b3.korallmicro_new_gallery_267774_2_20211113_2017.jpg', 21);
INSERT INTO public.images (id, file_name, product_id) VALUES (105, '8314a041-83e8-4038-8882-6bf9d9ed37f7.korallmicro_new_gallery_267774_3_20211113_2017.jpg', 21);
INSERT INTO public.images (id, file_name, product_id) VALUES (106, '05af4d0a-b7ab-404d-8e93-7f2e78382dc1.korallmicro_new_293284_0_20221207_1624.jpg', 22);
INSERT INTO public.images (id, file_name, product_id) VALUES (107, '05fe40aa-e4ec-498e-9606-a0591e3d7092.korallmicro_new_gallery_293284_1_20221207_1624.jpg', 22);
INSERT INTO public.images (id, file_name, product_id) VALUES (108, '5b78ee3e-15ae-4f26-9673-1cafb4dd144f.korallmicro_new_gallery_293284_2_20221207_1624.jpg', 22);
INSERT INTO public.images (id, file_name, product_id) VALUES (109, 'bf3a6e93-3b8d-46df-ae86-8aa7e360c901.korallmicro_new_gallery_293284_3_20221207_1624.jpg', 22);
INSERT INTO public.images (id, file_name, product_id) VALUES (110, 'ee103ac9-208b-466a-a4f2-26e4655272b9.korallmicro_new_gallery_293284_5_20221207_1624.png', 22);
INSERT INTO public.images (id, file_name, product_id) VALUES (111, 'f229d757-3e5a-4703-86ed-c8d90d1fb300.korallmicro_new_285177_0_20220721_0737.jpg', 23);
INSERT INTO public.images (id, file_name, product_id) VALUES (112, '38abb69c-4251-4394-87ca-5f37d0bed925.korallmicro_new_gallery_285177_2_20220721_0737.jpg', 23);
INSERT INTO public.images (id, file_name, product_id) VALUES (113, '35c07194-136e-432d-8d1f-24620f5f8720.korallmicro_new_gallery_285177_4_20220721_0737.jpg', 23);
INSERT INTO public.images (id, file_name, product_id) VALUES (114, 'e6a01f77-59d2-4533-8767-0ec4e99ba022.korallmicro_new_290815_0_20221106_1910.jpg', 24);
INSERT INTO public.images (id, file_name, product_id) VALUES (115, '2e6574dd-939d-4b08-9013-ab40e32c4b9f.korallmicro_new_gallery_290815_1_20221106_1910.jpg', 24);
INSERT INTO public.images (id, file_name, product_id) VALUES (116, 'beff5c08-a91f-443e-beab-d6fa142c347c.korallmicro_new_gallery_290815_2_20221106_1910.jpg', 24);
INSERT INTO public.images (id, file_name, product_id) VALUES (117, '6f6b53f8-e54f-49d1-bdbc-2d39801221e2.korallmicro_new_gallery_290815_4_20221106_1910.jpg', 24);
INSERT INTO public.images (id, file_name, product_id) VALUES (118, '20de98ac-6eeb-491d-8005-b1923b55eac8.korallmicro_new_gallery_290815_3_20221106_1910.jpg', 24);
INSERT INTO public.images (id, file_name, product_id) VALUES (119, '3d14fe4d-2d04-46f8-bb90-cc1a86964ae3.korallmicro_new_284429_0_20220725_1410.jpg', 25);


--
-- TOC entry 3354 (class 0 OID 16408)
-- Dependencies: 214
-- Data for Name: orders; Type: TABLE DATA; Schema: public; Owner: postgres
--

INSERT INTO public.orders (id, address, count, date_order, number, price, status, product_id, user_id) VALUES (3, 'г. Ростов-на-Дону, ул. Революционная, 149 кв. 42', 1, '2022-12-11 13:39:35.176688', 'b39f9230-fff8-4fd5-bded-9a3f3c75d384', 4800, 2, 9, 2);
INSERT INTO public.orders (id, address, count, date_order, number, price, status, product_id, user_id) VALUES (4, 'г. Краснодар, ул. Первомайская, 274 кв. 92', 2, '2022-12-11 16:44:38.205993', 'b5dbb996-6ac9-4013-89b9-4f20aa9a1079', 33058, 0, 15, 3);
INSERT INTO public.orders (id, address, count, date_order, number, price, status, product_id, user_id) VALUES (2, 'г. Краснодар, ул. Ставропольская, №94', 2, '2022-12-10 14:05:33.389621', '664d7581-6fcd-42a2-be81-ddc4b0a6e97e', 83980, 3, 3, 2);


--
-- TOC entry 3356 (class 0 OID 16416)
-- Dependencies: 216
-- Data for Name: product_cart; Type: TABLE DATA; Schema: public; Owner: postgres
--



--
-- TOC entry 3358 (class 0 OID 16422)
-- Dependencies: 218
-- Data for Name: products; Type: TABLE DATA; Schema: public; Owner: postgres
--

INSERT INTO public.products (id, date_time_of_created, description, price, title, category_id) VALUES (8, '2022-12-11 13:19:59.879137', 'Надежный смартфон Xiaomi 11T является одним из лидеров продаж на рынке, не только из-за своей выгодной цены, но и по причине наличия функциональных возможностей. Он оснащен современным 8-ядерным процессором Dimensity 1200U с частотой 3000 МГц, оперативной памятью объемом 8192 Мб и встроенной памятью 128 Гб.  Благодаря Wi-Fi интернет будет у вас под рукой даже в офисе или кафе, общайтесь в социальных сетях, не завершая работы с работающими приложениями везде, где есть возможность подключиться к точке доступа. Экран 6.67″ с разрешением 1080x2400 передаёт все краски, детали фото и видео. А благодаря ARM Mali-G77 MP8 Вы можете запускать современные мобильные игры, которые Вы любите.', 44990, 'Смартфон Xiaomi 11T, 5G, 128 Гб, белый', 3);
INSERT INTO public.products (id, date_time_of_created, description, price, title, category_id) VALUES (3, '2022-12-09 19:07:12.641372', 'Этот телевизор может похвастаться также и достаточно высокими техническими характеристиками. Формат матрицы 16:9 и при этом она поддерживает разрешение 3840x2160. На изображении такого характера без проблем можно рассмотреть даже самые мельчайшие детали. Высокая частота обновления экрана, реализованная в Xiaomi TV P1 (L55M6-6ARG) и составляющая 60 Гц также способствует улучшению качества изображения.', 41990, 'Телевизор Xiaomi 55" TV P1 (L55M6-6ARG), черный', 2);
INSERT INTO public.products (id, date_time_of_created, description, price, title, category_id) VALUES (5, '2022-12-10 14:09:49.932499', 'Корпус гаджета изготовлен из прочных материалов, благодаря чему смарт-часы не ударов, воздействия влаги и пыли. Стекло циферблата не боится царапин и не менее прочно чем корпус гаджета. Девайс совместим с операционными системами семейства Android, iOS. Представленное устройство  - это не только средство для измерения времени, но и оригинальный аксессуар, способный подчеркнуть вкус и стиль владельца. ', 1312, 'Смарт часы Loona FIT-02, черный/серый', 5);
INSERT INTO public.products (id, date_time_of_created, description, price, title, category_id) VALUES (6, '2022-12-10 18:14:01.51918', 'Ноутбук Asus N7400PC-KM024W (90NB0U44-M02770) станет надёжным помощником для любого пользователя. Для своего небольшого размера этот недорогой ноутбук наделён отличной мощностью и производительностью. Использование в составе ноутбука процессора Intel Core i5 11300H с 4 ядрами и работающего на тактовой частоте 3100 МГц позволяет решать самый широкий круг задач, начиная от просмотра кинофильмов, общения в интернет и заканчивая работой с офисными программами, и приложениями. Высокой скорости работы ноутбука способствует и наличие на его «борту» 8192 Мб оперативной памяти. Для хранения полезного контента, программ, приложений в конструкции модели предусмотрен SSD объёмом 512 Гб.', 103790, 'Ноутбук 14" Asus N7400PC-KM024W (90NB0U44-M02770), серебристый', 1);
INSERT INTO public.products (id, date_time_of_created, description, price, title, category_id) VALUES (9, '2022-12-11 13:38:22.220569', 'Развитие электроники не стоит на месте и в жизни современного человека постоянно появляются новые электронные приборы. Одним из таких приборов являются смарт Xiaomi Mi Watch 2 Lite GL. В отличии от "классических" часов представленная модель способна решать куда более обширный круг задач. 
Кроме цены смарт часов многим важен их внешний вид. Корпус часов окрашен в черный цвет и обладает приятным для глаз дизайном. Часы работают от встроенного элемента питания обеспечивающее прибору продолжительную работу в автономном режиме. Полностью контролируйте своё время, проводите эффективные тренировки вместе с часами Xiaomi Mi Watch 2 Lite GL. Их возможности не разочаруют вас!', 4800, 'Смарт часы Xiaomi Mi Watch 2 Lite GL, черный', 5);
INSERT INTO public.products (id, date_time_of_created, description, price, title, category_id) VALUES (11, '2022-12-11 14:19:22.700449', 'Этот бюджетный системный блок позволит Вам работать с офисными программами, мониторить информацию и просматривать контент в Интернете, общаться с коллегами и друзьями и даже запускать игры. Быстрой работе ПК способствует и использование в конфигурации оперативной памяти объёмом 16384 Мб. В составе представленной модели использована видеокарта GeForce RTX3060  с объёмом памяти в 12288 Мб. Для хранения данных в составе блока предусмотрен SSD накопитель объёмом 480 Гб. Данного объёма вполне достаточно, чтобы хранить на Вашем ПК документы, фильмы, музыку, фотографии, приложения и пр. ', 69450, 'Системный блок CityLine Game i8810', 4);
INSERT INTO public.products (id, date_time_of_created, description, price, title, category_id) VALUES (12, '2022-12-11 14:23:58.312508', 'Этот телевизор может похвастаться также и достаточно высокими техническими характеристиками. Формат матрицы 16:9 и при этом она поддерживает разрешение 3840x2160. На изображении такого характера без проблем можно рассмотреть даже самые мельчайшие детали. Высокая частота обновления экрана, реализованная в Hyundai H-LED65BU7003 и составляющая 60 Гц также способствует улучшению качества изображения.', 49990, 'Телевизор Hyundai 64" H-LED65BU7003, черный', 2);
INSERT INTO public.products (id, date_time_of_created, description, price, title, category_id) VALUES (14, '2022-12-11 14:29:57.146319', 'Ноутбук Asus UN5401QA-KN154W (90NB0V31-M00790) станет надёжным помощником для любого пользователя. Для своего небольшого размера этот недорогой ноутбук наделён отличной мощностью и производительностью. Использование в составе ноутбука процессора AMD Ryzen 7 5800H с 8 ядрами и работающего на тактовой частоте 3200 МГц позволяет решать самый широкий круг задач, начиная от просмотра кинофильмов, общения в интернет и заканчивая работой с офисными программами, и приложениями. Высокой скорости работы ноутбука способствует и наличие на его «борту» 16384 Мб оперативной памяти. Для хранения полезного контента, программ, приложений в конструкции модели предусмотрен SSD объёмом 512 Гб.', 117390, 'Ноутбук 14" Asus UN5401QA-KN154W (90NB0V31-M00790), черный', 1);
INSERT INTO public.products (id, date_time_of_created, description, price, title, category_id) VALUES (15, '2022-12-11 14:31:40.448548', 'Развитие электроники не стоит на месте и в жизни современного человека постоянно появляются новые электронные приборы. Одним из таких приборов являются смарт Huawei Watch GT3 Jupiter. В отличии от "классических" часов представленная модель способна решать куда более обширный круг задач. Купить смарт часы можно для разных целей. Гаджет прежде всего придётся по душе любителям активного отдыха и спортсменам. Поддержка прибором режимов «Таймера» и «Секундомера» позволит владельцу полностью контролировать тренировку и фиксировать достигнутые результаты. ', 16529, 'Смарт часы Huawei Watch GT3 Jupiter, коричневый', 5);
INSERT INTO public.products (id, date_time_of_created, description, price, title, category_id) VALUES (16, '2022-12-11 14:34:34.18652', 'Купить системный блок можно как для офиса, так и для дома. Системный блок CityLine Premiere i3804 — это полноценное и готовое к работе устройство. Его можно использовать буквально в тот же день, когда оно будет доставлено Вам домой. Системный блок построен на базе процессора Intel Core i3 12100 работающего на частоте 3300 МГц. Благодаря ему Ваши архивные данные будут распаковываться достаточно быстро, а приложения будут запускаться за секунды. ', 26380, 'Системный блок CityLine Premiere i3804', 4);
INSERT INTO public.products (id, date_time_of_created, description, price, title, category_id) VALUES (17, '2022-12-11 14:38:41.796179', 'Представленная модель телевизора Hyundai H-LED75BU7002 позволит вам получить незабываемое удовольствие от просмотра любимого кинофильма или телевизионной передачи. Размер экрана телевизора составляет 75 дюймов по диагонали, что даёт возможность использовать данную модель в больших помещениях. Этот телевизор может похвастаться также и достаточно высокими техническими характеристиками. Формат матрицы 16:9 и при этом она поддерживает разрешение 3840x2160. На изображении такого характера без проблем можно рассмотреть даже самые мельчайшие детали. Высокая частота обновления экрана, реализованная в Hyundai H-LED75BU7002 и составляющая 60 Гц также способствует улучшению качества изображения.', 79990, 'Телевизор Hyundai 75" H-LED75BU7002, черный', 2);
INSERT INTO public.products (id, date_time_of_created, description, price, title, category_id) VALUES (18, '2022-12-11 14:41:48.550679', 'Надежный смартфон Xiaomi POCO C40 является одним из лидеров продаж на рынке, не только из-за своей выгодной цены, но и по причине наличия функциональных возможностей. Он оснащен современным 8-ядерным процессором JR510 с частотой 2000 МГц, оперативной памятью объемом 3072 Мб и встроенной памятью 32 Гб. Благодаря Wi-Fi интернет будет у вас под рукой даже в офисе или кафе, общайтесь в социальных сетях, не завершая работы с работающими приложениями везде, где есть возможность подключиться к точке доступа. Экран 6.7″ с разрешением 1650x720 передаёт все краски, детали фото и видео. А благодаря ARM Mali-G52 Вы можете запускать современные мобильные игры, которые Вы любите.', 8490, 'Смартфон Xiaomi POCO C40, 32 Гб, желтый', 3);
INSERT INTO public.products (id, date_time_of_created, description, price, title, category_id) VALUES (19, '2022-12-11 14:44:50.425795', 'Ноутбук Lenovo ThinkBook 15 G2 ITL (20VE009BRU) станет надёжным помощником для любого пользователя. Для своего небольшого размера этот недорогой ноутбук наделён отличной мощностью и производительностью. Использование в составе ноутбука процессора Intel Core i5 1135G7 с 4 ядрами и работающего на тактовой частоте 2400 МГц позволяет решать самый широкий круг задач, начиная от просмотра кинофильмов, общения в интернет и заканчивая работой с офисными программами, и приложениями. Высокой скорости работы ноутбука способствует и наличие на его «борту» 8192 Мб оперативной памяти. Для хранения полезного контента, программ, приложений в конструкции модели предусмотрен SSD объёмом 256 Гб.', 73401, 'Ноутбук 15.6" Lenovo ThinkBook 15 G2 ITL (20VE009BRU), серый', 1);
INSERT INTO public.products (id, date_time_of_created, description, price, title, category_id) VALUES (20, '2022-12-11 14:46:24.113993', 'Недорого игровой компьютер можно приобрести для разных целей. Этот бюджетный системный блок позволит Вам работать с профессиональными программами, мониторить информацию и просматривать контент в Интернете, общаться с друзьями и самое главное — запускать Ваши любимые игры. Быстрой работе ПК способствует и использование в конфигурации оперативной памяти объёмом 16384 Мб. В составе представленной модели использована видеокарта GeForce RTX3060Ti с объёмом памяти в 8192 Мб. Для хранения данных в составе блока предусмотрен SSD накопитель объёмом 1000 Гб. Данного объёма вполне достаточно, чтобы хранить на Вашем ПК документы, игры, фильмы, музыку, фотографии, приложения и пр.
', 80460, 'Системный блок CityLine Game i8811', 4);
INSERT INTO public.products (id, date_time_of_created, description, price, title, category_id) VALUES (21, '2022-12-11 14:49:02.3928', 'Развитие электроники не стоит на месте и в жизни современного человека постоянно появляются новые электронные приборы. Одним из таких приборов являются смарт Realme RMA207. В отличии от "классических" часов представленная модель способна решать куда более обширный круг задач. Кроме цены смарт часов многим важен их внешний вид. Корпус часов окрашен в черный цвет и обладает приятным для глаз дизайном. Часы работают от встроенного элемента питания обеспечивающее прибору продолжительную работу в автономном режиме. Полностью контролируйте своё время, проводите эффективные тренировки вместе с часами Realme RMA207. Их возможности не разочаруют вас!', 6490, 'Смарт часы Realme RMA207, черный', 5);
INSERT INTO public.products (id, date_time_of_created, description, price, title, category_id) VALUES (22, '2022-12-11 14:51:52.516995', 'Представленная модель телевизора TopDevice позволит вам получить незабываемое удовольствие от просмотра любимого кинофильма или телевизионной передачи. Размер экрана телевизора составляет 32 дюймов по диагонали, что даёт возможность использовать данную модель в больших помещениях. Этот телевизор может похвастаться также и достаточно высокими техническими характеристиками. Формат матрицы 16:9 и при этом она поддерживает разрешение 1366x768. На изображении такого характера без проблем можно рассмотреть даже самые мельчайшие детали. Высокая частота обновления экрана, реализованная в TopDevice и составляющая 60 Гц также способствует улучшению качества изображения.', 7539, 'Телевизор TopDevice 32" , черный', 2);
INSERT INTO public.products (id, date_time_of_created, description, price, title, category_id) VALUES (13, '2022-12-11 14:26:30.154244', 'Надежный смартфон Samsung A22s (SM-A226B) является одним из лидеров продаж на рынке, не только из-за своей выгодной цены, но и по причине наличия функциональных возможностей. Он оснащен современным 8-ядерным процессором Dimensity 700 5G с частотой 2200 МГц, оперативной памятью объемом 4096 Мб и встроенной памятью 128 Гб.  Купить хороший смартфон с операционной системой Android можно для различных задач. Он отлично справляется с любыми мобильными приложениями без торможения, воспроизводит видео и музыку в высоком качестве. Встроенная камера на None Мп позволяет снимать фото и видео отличного качества с максимально естественной цветопередачей.', 21990, 'Смартфон Samsung A22s (SM-A226B), 5G, 128 Гб, белый', 3);
INSERT INTO public.products (id, date_time_of_created, description, price, title, category_id) VALUES (23, '2022-12-11 14:58:12.913243', 'Надежный смартфон Xiaomi Redmi 10 (2022) является одним из лидеров продаж на рынке, не только из-за своей выгодной цены, но и по причине наличия функциональных возможностей. Он оснащен современным 8-ядерным процессором Helio G88 с частотой 2000 МГц, оперативной памятью объемом 4096 Мб и встроенной памятью 64 Гб.  Купить хороший смартфон с операционной системой Android можно для различных задач. Он отлично справляется с любыми мобильными приложениями без торможения, воспроизводит видео и музыку в высоком качестве. Встроенная камера на None Мп позволяет снимать фото и видео отличного качества с максимально естественной цветопередачей.', 14990, 'Смартфон Xiaomi Redmi 10 (2022), 64 Гб, серый', 3);
INSERT INTO public.products (id, date_time_of_created, description, price, title, category_id) VALUES (24, '2022-12-11 15:00:14.918663', 'Ноутбук Asus L510KA-EJ127X (90NB0UJ5-M004H0) станет надёжным помощником для любого пользователя. Для своего небольшого размера этот недорогой ноутбук наделён отличной мощностью и производительностью. Использование в составе ноутбука процессора Intel Celeron N4500 с 2 ядрами и работающего на тактовой частоте 1100 МГц позволяет решать самый широкий круг задач, начиная от просмотра кинофильмов, общения в интернет и заканчивая работой с офисными программами, и приложениями. Высокой скорости работы ноутбука способствует и наличие на его «борту» 4096 Мб оперативной памяти. Для хранения полезного контента, программ, приложений в конструкции модели предусмотрен eMMC объёмом 128 Гб.', 28890, 'Ноутбук 15.6" Asus L510KA-EJ127X (90NB0UJ5-M004H0), черный', 1);
INSERT INTO public.products (id, date_time_of_created, description, price, title, category_id) VALUES (25, '2022-12-11 15:02:31.374365', 'Купить системный блок можно как для офиса, так и для дома. Системный блок CityLine Office a3704 — это полноценное и готовое к работе устройство. Его можно использовать буквально в тот же день, когда оно будет доставлено Вам домой. Системный блок построен на базе процессора AMD Athlon 3000-G работающего на частоте 3500 МГц. Благодаря ему Ваши архивные данные будут распаковываться достаточно быстро, а приложения будут запускаться за секунды. ', 16700, 'Системный блок CityLine Office a3704', 4);


--
-- TOC entry 3360 (class 0 OID 16431)
-- Dependencies: 220
-- Data for Name: users; Type: TABLE DATA; Schema: public; Owner: postgres
--

INSERT INTO public.users (id, date_time_of_registration, firstname, lastname, login, password, patronymic, role) VALUES (1, '2022-12-08 08:35:36.189913', 'Сергей', 'Кудрич', 'admin', '$2a$10$kcyuOsd0dDnkXntVb4waEuaFi/B4JlYv601wsMMv5fOKVk7aKb3Fy', 'Александрович', 'ROLE_ADMIN');
INSERT INTO public.users (id, date_time_of_registration, firstname, lastname, login, password, patronymic, role) VALUES (3, '2022-12-11 12:27:48.871083', 'Андрей', 'Краснов', 'krasnov', '$2a$10$.4gqlwm84d82O/Yk9Q8um.7Fa01QIg7cANwWcotrIxVo53un04zVu', 'Владимирович', 'ROLE_USER');
INSERT INTO public.users (id, date_time_of_registration, firstname, lastname, login, password, patronymic, role) VALUES (2, '2022-12-09 18:10:44.537748', 'Иван', 'Петров', 'petrov', '$2a$10$gBjO2gDR6QGMtU48xBk3VuBcVCqaRT3Qy/eGrCKDfGSo8IzMYhnRC', 'Андреевич', 'ROLE_ADMIN');


--
-- TOC entry 3366 (class 0 OID 0)
-- Dependencies: 209
-- Name: category_id_seq; Type: SEQUENCE SET; Schema: public; Owner: postgres
--

SELECT pg_catalog.setval('public.category_id_seq', 5, true);


--
-- TOC entry 3367 (class 0 OID 0)
-- Dependencies: 211
-- Name: image_id_seq; Type: SEQUENCE SET; Schema: public; Owner: postgres
--

SELECT pg_catalog.setval('public.image_id_seq', 119, true);


--
-- TOC entry 3368 (class 0 OID 0)
-- Dependencies: 213
-- Name: orders_id_seq; Type: SEQUENCE SET; Schema: public; Owner: postgres
--

SELECT pg_catalog.setval('public.orders_id_seq', 4, true);


--
-- TOC entry 3369 (class 0 OID 0)
-- Dependencies: 215
-- Name: product_cart_id_seq; Type: SEQUENCE SET; Schema: public; Owner: postgres
--

SELECT pg_catalog.setval('public.product_cart_id_seq', 13, true);


--
-- TOC entry 3370 (class 0 OID 0)
-- Dependencies: 217
-- Name: products_id_seq; Type: SEQUENCE SET; Schema: public; Owner: postgres
--

SELECT pg_catalog.setval('public.products_id_seq', 25, true);


--
-- TOC entry 3371 (class 0 OID 0)
-- Dependencies: 219
-- Name: users_id_seq; Type: SEQUENCE SET; Schema: public; Owner: postgres
--

SELECT pg_catalog.setval('public.users_id_seq', 3, true);


--
-- TOC entry 3191 (class 2606 OID 16400)
-- Name: category category_pkey; Type: CONSTRAINT; Schema: public; Owner: postgres
--

ALTER TABLE ONLY public.category
    ADD CONSTRAINT category_pkey PRIMARY KEY (id);


--
-- TOC entry 3193 (class 2606 OID 16406)
-- Name: images image_pkey; Type: CONSTRAINT; Schema: public; Owner: postgres
--

ALTER TABLE ONLY public.images
    ADD CONSTRAINT image_pkey PRIMARY KEY (id);


--
-- TOC entry 3195 (class 2606 OID 16414)
-- Name: orders orders_pkey; Type: CONSTRAINT; Schema: public; Owner: postgres
--

ALTER TABLE ONLY public.orders
    ADD CONSTRAINT orders_pkey PRIMARY KEY (id);


--
-- TOC entry 3197 (class 2606 OID 16420)
-- Name: product_cart product_cart_pkey; Type: CONSTRAINT; Schema: public; Owner: postgres
--

ALTER TABLE ONLY public.product_cart
    ADD CONSTRAINT product_cart_pkey PRIMARY KEY (id);


--
-- TOC entry 3199 (class 2606 OID 16429)
-- Name: products products_pkey; Type: CONSTRAINT; Schema: public; Owner: postgres
--

ALTER TABLE ONLY public.products
    ADD CONSTRAINT products_pkey PRIMARY KEY (id);


--
-- TOC entry 3201 (class 2606 OID 16439)
-- Name: products uk_8xtpej5iy2w4cte2trlvrlayy; Type: CONSTRAINT; Schema: public; Owner: postgres
--

ALTER TABLE ONLY public.products
    ADD CONSTRAINT uk_8xtpej5iy2w4cte2trlvrlayy UNIQUE (title);


--
-- TOC entry 3203 (class 2606 OID 16437)
-- Name: users users_pkey; Type: CONSTRAINT; Schema: public; Owner: postgres
--

ALTER TABLE ONLY public.users
    ADD CONSTRAINT users_pkey PRIMARY KEY (id);


--
-- TOC entry 3208 (class 2606 OID 16460)
-- Name: product_cart fk1bjryvahnabl70opha6rc0ubv; Type: FK CONSTRAINT; Schema: public; Owner: postgres
--

ALTER TABLE ONLY public.product_cart
    ADD CONSTRAINT fk1bjryvahnabl70opha6rc0ubv FOREIGN KEY (user_id) REFERENCES public.users(id);


--
-- TOC entry 3209 (class 2606 OID 16465)
-- Name: products fk1cf90etcu98x1e6n9aks3tel3; Type: FK CONSTRAINT; Schema: public; Owner: postgres
--

ALTER TABLE ONLY public.products
    ADD CONSTRAINT fk1cf90etcu98x1e6n9aks3tel3 FOREIGN KEY (category_id) REFERENCES public.category(id);


--
-- TOC entry 3206 (class 2606 OID 16450)
-- Name: orders fk32ql8ubntj5uh44ph9659tiih; Type: FK CONSTRAINT; Schema: public; Owner: postgres
--

ALTER TABLE ONLY public.orders
    ADD CONSTRAINT fk32ql8ubntj5uh44ph9659tiih FOREIGN KEY (user_id) REFERENCES public.users(id);


--
-- TOC entry 3207 (class 2606 OID 16455)
-- Name: product_cart fk3u44w5jymxki9ux5cgemwc0a; Type: FK CONSTRAINT; Schema: public; Owner: postgres
--

ALTER TABLE ONLY public.product_cart
    ADD CONSTRAINT fk3u44w5jymxki9ux5cgemwc0a FOREIGN KEY (product_id) REFERENCES public.products(id);


--
-- TOC entry 3205 (class 2606 OID 16445)
-- Name: orders fkkp5k52qtiygd8jkag4hayd0qg; Type: FK CONSTRAINT; Schema: public; Owner: postgres
--

ALTER TABLE ONLY public.orders
    ADD CONSTRAINT fkkp5k52qtiygd8jkag4hayd0qg FOREIGN KEY (product_id) REFERENCES public.products(id);


--
-- TOC entry 3204 (class 2606 OID 16440)
-- Name: images fko6o5cjl2h3n5g87df5afdt17f; Type: FK CONSTRAINT; Schema: public; Owner: postgres
--

ALTER TABLE ONLY public.images
    ADD CONSTRAINT fko6o5cjl2h3n5g87df5afdt17f FOREIGN KEY (product_id) REFERENCES public.products(id);


-- Completed on 2022-12-11 18:10:55

--
-- PostgreSQL database dump complete
--

